num,url
1,https://www.nitori-net.jp/ecstatic/image/product/3511643/351164301.jpg?ccp=1707980400&imwidth=415&imdensity=1&ts=20200916095122958
2,https://www.nitori-net.jp/ecstatic/image/product/3511645/351164501.jpg?ccp=1707980400&imwidth=415&imdensity=1&ts=20200916100126110
3,https://www.nitori-net.jp/ecstatic/image/product/3511641/351164101.jpg?ccp=1707980400&imwidth=415&imdensity=1&ts=20201205153133775
4,https://www.nitori-net.jp/ecstatic/image/product/1500698/150069801.jpg?ccp=1707980400&imwidth=415&imdensity=1&ts=20230612073830464
5,https://www.nitori-net.jp/ecstatic/image/product/1500438/150043803.jpg?ccp=1707980400&imwidth=415&imdensity=1&ts=20190725114231528
6,https://www.ikea.com/jp/ja/images/products/mammut-childrens-table-in-outdoor-red__0735839_pe740209_s5.jpg?f=xl
7,https://www.mokukagu.com/cdn/shop/products/azy-pt982_6_610x.progressive.jpg?v=1675845229
8,https://shopping.c.yimg.jp/lib/bauhaus1/dchair-table-or-s.jpg?size=n
9,https://shop.r10s.jp/dndltd/cabinet/08907866/imgrc0111594117.jpg
10,https://shop.r10s.jp/tough-z/cabinet/06618255/8475658_1.jpg
11,https://makeshop-multi-images.akamaized.net/hldos/shopimages/20/03/5_000000000320.jpg?1678209904
12,https://static2.flymee.jp/product_images/2aa3-113446/202303082011374384.jpg
13,https://image.office-com.jp/upload/save_image/k/AZ-PC-973/AZ-PC-973_001.jpg
14,https://image.office-com.jp/upload/save_image/k/OC-MH10-CH/OC-MH10-CH_002.jpg
15,https://image.office-com.jp/upload/save_image/k/AZ-CL-506/AZ-CL-506_001.jpg
16,https://kanademono.design/cdn/shop/products/MG_4428_1080x.jpg?v=1608110180
17,https://static2.flymee.jp/product_images/1a37-104409/202201191655472928.jpg
18,https://static2.flymee.jp/product_images/334f-107725/202102081206252318.jpg
19,https://m.media-amazon.com/images/W/MEDIAX_849526-T2/images/I/51twrcyOAyL._AC_SX679_.jpg
20,https://www.ikea.com/jp/ja/images/products/jokkmokk-chair-antique-stain__0475400_pe615581_s5.jpg?f=xl
,